Product,Review
Smartphone X100,Excellent battery life and fast performance.
Laptop Pro 15,Great display but battery life could be better.
Wireless Headphones,Sound quality is top-notch and very comfortable.
4K TV UltraHD,Stunning picture quality and easy to set up.
Bluetooth Speaker,Compact and powerful with rich sound.
Smartwatch Series 5,Very useful features and long-lasting battery.
Gaming Console Z,Amazing graphics and smooth gameplay.
Electric Toothbrush,Cleans well but battery needs frequent charging.
Fitness Tracker,Accurate tracking and sleek design.
Robot Vacuum Cleaner,Makes cleaning so much easier and efficient.
